Type*,Brand*,Model Number,Model Name,Serial Number*,Specifications,CPU,RAM,Storage,Status,Purchase Date,Buy Price,Warranty Expiry Date,Life Span,Out of Box OS,Assigned Employee ID
Laptop,HP,,EliteBook 840 G2,5CG52104WW,"Core i5 5th Gen, 8GB Ram,SSD256GB",Intel Core i7-11800H (Optional: Processor details),16GB DDR4 (Optional: Memory details),512GB NVMe SSD (Optional: Storage details),In Use,9/24/2022," EGP 4,633 ",2025-01-15 (Format: YYYY-MM-DD or MM/DD/YYYY),36 (Optional: Expected lifespan in months),Windows 11 Pro (Optional: Operating system),1001 (Optional: Employee ID from employees table)
Laptop,HP,,EliteBook 840 G2,5CG6061PJN,"Core i5 5th Gen, 12GB Ram,SSD256GB",,,,In Use,9/24/2022," EGP 4,633 ",,,,
Laptop,HP,,EliteBook 840 G2,5CG53048YJ,"Core i5 5th Gen, 8GB Ram,SSD256GB",,,,In Use,9/24/2022," EGP 4,633 ",,,,
Laptop,Lenovo,,ThinkPad X250,PC08R0HG,"Core i5-5300U, 8GB Ram,SSD256GB",,,,Damaged,10/13/2022," EGP 3,729 ",,,,
Laptop,Lenovo,,ThinkPad T450s,PC04TC6W,"Core I5-5300U 12GB Ram, SSD250G, 14""",,,,Under Maintenance,11/2/2022," EGP 5,085 ",,,,
Laptop,Lenovo,,ThinkPad T470,PF17ENR8,"Core I5-6300U 8GB Ram, NVME250G, 14""",,,,In Use,11/2/2022," EGP 5,310 ",,,,
Smartphone,Xiaomi,,Redmi 10C 4G,8.67243E+14,Xiaomi Redmi 10C - 4GB RAM - 128GB - Gray,,,,In Use,1/4/2023," EGP 5,300 ",,,,
Smartphone,Xiaomi,220333QAG,Redmi 10C 4G,8.68174E+14,Xiaomi Redmi 10C - 4GB RAM - 128GB - Gray,,,,In Use,1/4/2023," EGP 5,300 ",,,,
Router,Soyealink,B311-922,Vodafone 4F Router 3s,T2X7S2226006203,Vodafone Home 4G Router 3S,,,,Available,," EGP 1,600 ",,,,
Router,Soyealink,B311-922,Vodafone 4F Router 3s,T2X7S2226006209,Vodafone Home 4G Router 3S,,,,Available,," EGP 1,600 ",,,,
Router,Soyealink,B311-922,Vodafone 4F Router 3s,T2X7S2226006474,Vodafone Home 4G Router 3S,,,,In Use,," EGP 1,600 ",,,,
Smartphone,Xiaomi,,Redmi 10C 4G,8.63675E+14,Xiaomi Redmi 10C - 4GB RAM - 128GB - Gray,,,,Sold,1/30/2023," EGP 5,500 ",,,,
Smartphone,Xiaomi,,Redmi 10C 4G,8.68174E+14,Xiaomi Redmi 10C - 4GB RAM - 128GB - Gray,,,,In Use,1/30/2023," EGP 5,500 ",,,,
Smartphone,Xiaomi,220333QAG,Redmi 10C 4G,8.67243E+14,Xiaomi Redmi 10C - 4GB RAM - 128GB - Gray,,,,In Use,1/30/2023," EGP 5,500 ",,,,
Laptop,Dell,,Latitude 5590,CYW5KR2,"Laptop Dell 5590 I5-8350U , 8GB, 250GB SSD",,,,In Use,3/1/2023," EGP 9,120 ",,,,
Laptop,HP,15-dw3000,15,CND1362WST,"Core I5, RAM 8GB,  SSD Crucial 480G",,,,Sold,1/22/2023," EGP 17,000 ",,,,
Laptop,HP,15-dw3000,15,CND1362X1G,"Core I5, 12GB RAM,SSD 480G SATA",,,,Available,1/22/2023," EGP 17,000 ",,,,
Laptop,Lenovo,15ITH6H,Legion 5,PF3MG0VE,"Core I7-11800H, NVIDIA RTX 3060, 16GB Ram,512 SSD, 15.6",,,,Sold,1/18/2023," EGP 34,000 ",,,,
Router,Soyealink,B311-922,Home 4G Router,NBJ8W18112002001,Orange 4G Router,,,,In Use,, EGP 600 ,,,,
Laptop,Lenovo,,Legion 5 Pro,1.96378E+11,"Core I7-11800H, NVIDIA RTX 3050TI, 16GB Ram,1TB SSD, 16.0",,,,Sold,1/18/2023," EGP 32,000 ",,,,
Smartphone,Samsung,SM-A137F/DS,Galaxy A13,3.56413E+14,"Samsung Galaxy A13, 128GB Rom, 4GB Ram, Black",,,,Pending Handover,4/1/2023," EGP 5,285 ",,,,
Laptop,Lenovo,15IML05,IdeaPad 3,PF3BJ4RW,"Core™ i3-10110U, 12GB RAM, 480GB SSD, 15.6",,,,Sold,5/26/2022," EGP 8,000 ",,,,
Laptop,Lenovo,21E6009UGR,ThinkPad E15 Gen 4,PF3WYV1B,"Core I5-1235U, 8GB RAM,NVME250G, No Win, 15.6",,,,In Use,4/30/2023, EGP - ,,,,
Laptop,HP,3WP99EC,EliteBook 840 G5,5CG8323ZGY,"Core I7-8650U, NVME250G, RAM 16GB DDR4, 14"",Win",,,,Sold,4/11/2023," EGP 10,830 ",,,,
Laptop,HP,3WP99EC,EliteBook 840 G5,5CG8241RTX,"Core I7-8650U, NVME250G, RAM 16GB DDR4, 14"",Win",,,,In Use,4/11/2023," EGP 10,830 ",,,,
Laptop,HP,3WP99EC,EliteBook 840 G5,5CG82239VB,"Core I7-8650U, NVME250G, RAM 16GB DDR4, 14"",Win",,,,In Use,4/11/2023," EGP 10,830 ",,,,
Laptop,HP,3WP99EC,EliteBook 840 G5,5CG8273P87,"Core I7-8650U, NVME250G, RAM 16GB DDR4, 14"",Win",,,,In Use,4/11/2023," EGP 10,830 ",,,,
Laptop,HP,3WP99EC,EliteBook 840 G5,5CG8441NML,"Core I7-8650U, 250GB, RAM 16GB DDR4, 14"",Win",,,,Sold,4/11/2023," EGP 10,830 ",,,,
Laptop,HP,3WP99EC,EliteBook 840 G5,5CG8441NMW,"Core I7-8650U, NVME250G, RAM 16GB DDR4, 14"",Win",,,,In Use,4/11/2023," EGP 10,830 ",,,,
Laptop,HP,3WP99EC,EliteBook 840 G5,5CG82925BW,"Core I7-8650U, NVME250G, RAM 16GB DDR4, 14"",Win",,,,In Use,4/11/2023," EGP 10,830 ",,,,
Laptop,HP,5MA18UC,EliteBook 840 G5,5CG84949LW,"Core I7-8650U, NVME250G, RAM 16GB DDR4, 14"",Win",,,,Damaged,4/11/2023," EGP 10,830 ",,,,
Laptop,HP,3WP99EC,EliteBook 840 G5,5CG8256GH,"Core I7-8650U, NVME250G, RAM 16GB DDR4, 14"",Win",,,,In Use,4/11/2023," EGP 10,830 ",,,,
Laptop,HP,3WP99EC,EliteBook 840 G5,5CG82239MS,"Core I7-8650U, NVME250G, RAM 16GB DDR4, 14""",,,,In Use,4/11/2023," EGP 10,830 ",,,,
Laptop,HP,5MA18UC,EliteBook 840 G5,5CG9140FB1,"Core I7-8650U, NVME250G, RAM 16GB DDR4, 14"",Win",,,,In Use,4/11/2023," EGP 10,830 ",,,,
Laptop,HP,3WP99EC,EliteBook 840 G5,5CG8242Q0M,"Core I7-8650U, NVME250G, RAM 16GB DDR4, 14"",Win",,,,Sold,4/11/2023," EGP 10,830 ",,,,
Laptop,Lenovo,21E6009UGR,ThinkPad E15 Gen 4,PF3WW1HF,"Core I5-1235U, 8GB RAM,NVME250G, No Win, 15.6",,,,Sold,4/30/2023," EGP 30,210 ",,,,
Laptop,Lenovo,,ThinkPad E15 Gen 2,PF3R5RTW,"Core I7-1165G7, 8GB RAM (Single Slot), NVME 512, No Win,15.6",,,,In Use,4/26/2023," EGP 34,200 ",,,,
Laptop,Lenovo,20TD002YAD,ThinkPad E15 Gen 2,PF3R5RTE,"Core I7-1165G7, 8GB RAM (Single Slot), NVME 512, No Win,15.6",,,,Sold,4/26/2023," EGP 34,200 ",,,,
Laptop,Lenovo,,ThinkPad E15 Gen 2,PF3R5RT5,"Core I7-1165G7, 16GB RAM (Single Slot), NVME 512,NVIDIA, No Win,15.6",,,,In Use,4/26/2023," EGP 34,200 ",,,,
Laptop,Dell,3510,Vostro 15 3510,JF134L3,"Core I7-1165G7, 16G Ram,256GB,15.6",,,,Sold,6/4/2022," EGP 14,500 ",,,,
Laptop,Lenovo,5-15ITL05,IdeaPad 5,PF3C85DB,"Core i7-1165G7,8 GB 1-slot only,512 GB, 15.6",,,,Sold,8/1/2022," EGP 16,000 ",,,,
Laptop,Lenovo,5-15ITL05,IdeaPad 5,PF3CAHE2,"Core i7-1165G7,8 GB 1-slot only,512 GB, 15.6",,,,Sold,8/1/2022," EGP 16,000 ",,,,
Laptop,Lenovo,5-15ITL05,Ideapad 5,PF3CAQAM,"Core i7-1165G7,8 GB 1-slot only,512 GB, 15.6",,,,Damaged,8/1/2022," EGP 16,000 ",,,,
Laptop,Lenovo,5-15ITL05,Ideapad 5,PF3CAN0C,"Core i7-1165G7,8 GB 1-slot only,512 GB, 15.6",,,,Sold,5/26/2022," EGP 15,500 ",,,,
Laptop,Dell,3510,Vostro 15 3510,HJS0NJ3,"Core i7-1165G7,16GB,1TB HDD, NVIDIA MX350 2GB, 15.6",,,,Available,6/13/2022," EGP 14,500 ",,,,
Laptop,Dell,3510,Vostro 15 3510,3DK34L3,"Core i7-1165G7,8GB,256GB, NVIDIA MX350 2GB, 15.6",,,,Available,6/13/2022," EGP 14,500 ",,,,
Laptop,Dell,3510,Vostro 15 3510,983WMJ3,"Core i7-1165G7,16GB,1TB HDD, NVIDIA MX350 2GB, 15.6",,,,Under Maintenance,5/8/2022," EGP 15,500 ",,,,
Laptop,Lenovo,,IdeaPad 3,PF3BJCSA,"Core™ i3-10110U,12GB,250 SSD, 15.6",,,,Sold,5/31/2022," EGP 8,300 ",,,,
Laptop,Lenovo,,Ideapad 5,PF3CAQ9F,"Core i7-1165G7,8 GB 1-slot only,512 GB, 15.6",,,,Under Maintenance,8/1/2022," EGP 16,000 ",,,,
Laptop,Dell,, G15 5520,2C768R3,"Core i7-12700H,32GB DDR5,512GB,NVIDIA RTX 3060 6GB GDDR6,15.6",,,,Sold,10/20/2022," EGP 29,800 ",,,,
Laptop,Dell,3510,Vostro 15 3510,CQSFRK3,"Core i5-1035G1,8 GB,SSD 256 GB, 15.6",,,,Sold,, EGP - ,,,,
Laptop,Lenovo,21E6009UGR,ThinkPad E15 Gen 4,PF3WDEGS,"Core I5-1235U, 8GB RAM,NVME250G, No Win, 15.6",,,,In Use,4/30/2023, EGP - ,,,,
Laptop,Lenovo,21E300BFGR,ThinkPad E14 Gen 4,PF3VZRWN,"Core™ i7-1255U,8GB RAM,512GB,14"",NVIDIA MX550 2GB",,,,Sold,6/6/2023," EGP 36,000 ",,,,
Laptop,Lenovo,21E300BFGR,ThinkPad E14 Gen 4,PF3VVQ8H,"Core™ i7-1255U,8 GB,512 GB SSD PCIe,14"",NVIDIA GeForce MX550 2GB",,,,In Use,6/6/2023," EGP 36,000 ",,,,
Laptop,Lenovo,21E300BFGR,ThinkPad E14 Gen 4,PF3TKQM4,"Core™ i7-1255U,8GB RAM,512GB,14"",NVIDIA MX550 2GB",,,,Sold,6/6/2023," EGP 36,000 ",,,,
Laptop,Lenovo,21E300BFGR,ThinkPad E14 Gen 4,PF3VZN2W,"Core™ i7-1255U,8 GB,512 GB SSD PCIe,14"",NVIDIA GeForce MX550 2GB",,,,In Use,6/6/2023," EGP 36,000 ",,,,
Laptop,Lenovo,21E300BFGR,ThinkPad E14 Gen 4,PF3VVKSK,"Core™ i7-1255U,16 GB,512 GB SSD PCIe,14"",NVIDIA GeForce MX550 2GB",,,,In Use,6/6/2023," EGP 36,000 ",,,,
Laptop,Lenovo,21E300BFGR,ThinkPad E14 Gen 4,PF3VZKXT,"Core™ i7-1255U,8 GB DDR4-3200,512 GB SSD PCIe,14"",NVIDIA GeForce MX550 2GB",,,,Sold,6/6/2023," EGP 36,000 ",,,,
Laptop,Lenovo,21E300BFGR,ThinkPad E14 Gen 4,PF3W01DG,"Core™ i7-1255U,8 GB,512 GB SSD PCIe,14"",NVIDIA GeForce MX550 2GB",,,,In Use,6/6/2023," EGP 36,000 ",,,,
Laptop,Lenovo,21E300BFGR,ThinkPad E14 Gen 4,PF3TLW82,"Core™ i7-1255U,8 GB,512 GB SSD PCIe,14"",NVIDIA GeForce MX550 2GB",,,,Pending handover,6/6/2023," EGP 36,000 ",,,,
Laptop,Lenovo,21E300BFGR,ThinkPad E14 Gen 4,PF3VW152,"Core™ i7-1255U,8GB RAM,512GB,14"",NVIDIA MX550 2GB",,,,Sold,6/6/2023," EGP 36,000 ",,,,
Laptop,Lenovo,21E300BFGR,ThinkPad E14 Gen 4,PF3TMJSM,"Core™ i7-1255U,16GB RAM,512 GB SSD PCIe,14"",NVIDIA GeForce MX550 2GB",,,,Sold,6/6/2023," EGP 36,000 ",,,,
Monitor,Samsung,S27F350,SyncMaster,ZZPMH4ZR700095L,Monitor 27inches,,,,In Use,," EGP 3,000 ",,,,
Laptop,Lenovo,82FG00QYED,Ideapad 5,PF3C80V5,"Core i7-1165G7,8 GB 1-slot only,512 GB, 15.6",,,,In Use,8/1/2022," EGP 16,000 ",,,,
Router,Huawei,DN8245V,SuperVector,48574437E0832BE,Convertedin,,,,In Use,, EGP 600 ,,,,
Router,Huawei,DN8245V,SuperVector,48575443AD082E45,Convertedin,,,,In Use,, EGP 600 ,,,,
Smartphone,Xiaomi,,Redmi 10C 4G,8.68174E+14,Xiaomi Redmi 10C - 4GB RAM - 128GB - Gray,,,,Under Maintenance,," EGP 5,300 ",,,,
Smartphone,Xiaomi,,Redmi Note 11,37633/R2TJ32707,Redmi Note 11 Graphite Gray 6GB RAM 128GB ROM,,,,Under Maintenance,," EGP 5,300 ",,,,
Smartphone,Xiaomi,,Redmi 10C 4G,8.68174E+14,Xiaomi Redmi 10C - 4GB RAM - 128GB - Gray,,,,In Use,," EGP 5,300 ",,,,
Smartphone,Samsung,SM-A137F/DS,Galaxy A13,3.56413E+14,"Samsung Galaxy A13, 128GB Rom, 4GB Ram, Black",,,,In Use,5/1/2023," EGP 5,200 ",,,,
Laptop,Apple,A2338,MacBook Pro 13-inch,HGPYFKH7X,"Apple M2 ,8GB Memory, Storage 256GB",,,,Available,4/27/2023," EGP 59,280 ",,,,
Router,Soyealink,B535-933,Home 4G High Speed Router,D9E7S22929003116,Orange 4G+ Router,,,,In Use,," EGP 1,500 ",,,,
Router,Soyealink,B535-933,Home 4G High Speed Router,D9E7S22A27000642,Orange 4G+ Router,,,,In Use,," EGP 1,500 ",,,,
Router,Soyealink,B535-933,Home 4G High Speed Router,D9E7S22B01006055,Orange 4G+ Router,,,,In Use,," EGP 1,500 ",,,,
Router,Soyealink,B535-933,Home 4G High Speed Router,D9E7S22B01005371,Orange 4G+ Router,,,,In Use,," EGP 1,500 ",,,,
Router,Soyealink,B535-933,Home 4G High Speed Router,D9E7S22B08001433,Orange 4G+ Router,,,,In Use,," EGP 1,500 ",,,,
Router,Soyealink,B535-933,Home 4G High Speed Router,D9E7S22B08001434,Orange 4G+ Router,,,,In Use,," EGP 1,500 ",,,,
Router,Soyealink,B535-933,Home 4G High Speed Router,D9E7S22B01005373,Orange 4G+ Router,,,,In Use,," EGP 1,500 ",,,,
Router,Soyealink,B535-933,Home 4G High Speed Router,D9E7S22B01005368,Orange 4G+ Router,,,,In Use,," EGP 1,500 ",,,,
Smartphone,Samsung,SM-A137F/DS,Galaxy A13,3.56413E+14,"Samsung Galaxy A13, 128GB Rom, 4GB Ram, Black",,,,In Use,6/6/2023," EGP 5,400 ",,,,
Laptop,Apple,A2338,MacBook Pro 13-inch,NMWT4YR43N,"Apple M2 8C CPU, 10C GPU ,8GB Memory, Storage 256GB, Cycle count 2",,,,Sold,4/27/2023," EGP 59,280 ",,,,
Laptop,Apple,A2338,MacBook Pro 13-inch,C02FQ13NQ05F,"Apple M1 8C CPU, 8C GPU ,8GB Memory, Storage 512GB",,,,Sold,4/27/2023," EGP 59,280 ",,,,
Laptop,Lenovo,15ITL05,Ideapad 5,PF3CLCY9," i5-1135G7,8 GB Ram,PCIe 256G,1TB HDD, 15.6",,,,Sold,8/1/2022," EGP 11,500 ",,,,
Mouse,Logitech,M220,Silent M220,2230LZX719E9,"Logitech Wireless Mouse Silent M220, Silent Touch",,,,Available,, EGP 650 ,,,,
Mouse,Logitech,M220,Silent M220,2230LZX89E79,"Logitech Wireless Mouse Silent M220, Silent Touch",,,,Damaged,, EGP 650 ,,,,
Smartphone,Samsung,SM-A137F/DS,Galaxy A13,3.56413E+14,"Samsung Galaxy A13, 128GB Rom, 4GB Ram, Black",,,,In Use,6/20/2023," EGP 5,350 ",,,,
Smartphone,Samsung,SM-A137F/DS,Galaxy A13,RK8W104EDLP,"Samsung Galaxy A13, 128GB Rom, 4GB Ram, Black",,,,In Use,6/20/2023," EGP 5,350 ",,,,
Storage,Samsung,,Portable SSD,,Samsung Portable SSD T7 1TB,,,,Decommissioned,3/26/2023," EGP 2,850 ",,,,
Storage,Samsung,MU-PE2T0K/WW,Portable SSD T7 Shield,S6NMNS0T701034,Samsung Portable SSD T7 Shield 2TB,,,,In Use,6/22/2023," EGP 7,305 ",,,,
Laptop,Dell,3510,Vostro 15 3510,CBSJXQ3,"Core i5-1135G7,8GB,SSD 250GB, NVIDIA MX350 2GB, 15.6",,,,Sold,, EGP - ,,,,
Laptop,Lenovo,20TD002YAD,ThinkPad E15 Gen 2,PF3NTCV6,"Core I7-1165G7, 16GB RAM (Single Slot), NVME 512, No Win,15.6",,,,Sold,4/26/2023," EGP 34,200 ",,,,
Laptop,Dell,3510,Vostro 15 3510,B993YQ3,"Core i5-1135G7,2*8GB total of 16GB,SSD 250GB, NVIDIA MX350 2GB, 15.6",,,,Available,9/18/2022," EGP 12,700 ",,,,
Laptop,Apple,A1990,"MacBook Pro (15-inch, 2018)",C02Y41VRJG5H,"Core I7,250G SSD, RAM 16GB, Gray",,,,Sold,3/28/2023," EGP 48,500 ",,,,
Laptop,Lenovo,21E300BYGR,ThinkPad E14 Gen 4,PF3X2XE4,"Core™ i5-1235U,8 GB,512 GB SSD PCIe,14"",NVIDIA GeForce MX550 2GB",,,,Available,6/6/2023," EGP 26,500 ",,,,
Laptop,Lenovo,15ITH6H,Legion 5,PF3MGG8B,"Core I7-11800H, NVIDIA RTX 3060, 16GB Ram,512 SSD, 15.6",,,,Sold,1/18/2023," EGP 34,000 ",,,,
Laptop,Lenovo,21E300BFGR,ThinkPad E14 Gen 4,PF44RHPX,"Core™ i7-1255U,16GB RAM,512GB,14"",NVIDIA MX550 2GB",,,,Sold,7/5/2023," EGP 36,000 ",,,,
Laptop,Lenovo,21E300BFGR,ThinkPad E14 Gen 4,PF44RBM3,"Core™ i7-1255U,8 GB,512 GB SSD PCIe,14"",NVIDIA GeForce MX550 2GB",,,,Sold,7/5/2023," EGP 36,000 ",,,,
Laptop,Lenovo,21E300BFGR,ThinkPad E14 Gen 4,PF3VX706,"Core™ i7-1255U,8 GB DDR4-3200,512 GB SSD PCIe,14"",NVIDIA GeForce MX550 2GB",,,,Sold,7/5/2023," EGP 36,000 ",,,,
Laptop,Lenovo,21E300BFGR,ThinkPad E14 Gen 4,PF3VYYHM,"Core™ i7-1255U,16 GB,512 GB SSD PCIe,14"",NVIDIA GeForce MX550 2GB",,,,In Use,7/5/2023," EGP 36,000 ",,,,
Laptop,Lenovo,21E300BFGP,ThinkPad E14 Gen 4,PF3WWGJT,"Core™ i7-1255U,8 GB DDR4-3200,512 GB SSD PCIe,14"",NVIDIA GeForce MX550 2GB",,,,Under Maintenance,7/5/2023," EGP 36,000 ",,,,
Laptop,Lenovo,21E300BFGR,ThinkPad E14 Gen 4,PF3TKQL5,"Core™ i7-1255U,8 GB,512 GB SSD PCIe,14"",NVIDIA GeForce MX550 2GB",,,,In Use,7/5/2023," EGP 36,000 ",,,,
Laptop,Lenovo,21E300BFGP,ThinkPad E14 Gen 4,PF44R4VK,"Core™ i7-1255U,8 GB DDR4-3200,512 GB SSD PCIe,14"",NVIDIA GeForce MX550 2GB",,,,Pending handover,7/5/2023," EGP 36,000 ",,,,
Printer,HP,M402dne,LaserJet Pro M402dne,0016912842-5K05,,,,,Decommissioned,7/8/2023," EGP 3,680 ",,,,
Laptop,Dell,3510,Vostro 15 3510,CNQVMJ3,,,,,Sold,4/21/2022," EGP 14,500 ",,,,
Printer,Canon,MF418x,iSENSYS,URZ10525,,,,,In Use,7/31/2023," EGP 8,760 ",,,,
Laptop,Lenovo,21E300BFGR,ThinkPad E14 Gen 4,PF48KEJF,,,,,In Use,8/3/2023," EGP 36,500 ",,,,
Laptop,Lenovo,21E300BFGR,ThinkPad E14 Gen 4,PF48PGRF,,,,,Sold,8/3/2023," EGP 36,500 ",,,,
Laptop,Lenovo,21E300BFGR,ThinkPad E14 Gen 4,PF48VLEE,,,,,In Use,8/3/2023," EGP 36,500 ",,,,
Laptop,Lenovo,21E300BFGR,ThinkPad E14 Gen 4,PF48PXH4,,,,,Sold,8/3/2023," EGP 36,500 ",,,,
Laptop,Lenovo,21E300BFGR,ThinkPad E14 Gen 4,PF48VJZZ,,,,,Sold,8/3/2023," EGP 36,500 ",,,,
Laptop,Lenovo,21E300BFGR,ThinkPad E14 Gen 4,PF48VKKX,,,,,In Use,8/3/2023," EGP 36,500 ",,,,
Laptop,Lenovo,21E300BFGR,ThinkPad E14 Gen 4,PF48VMF2,,,,,Sold,8/3/2023," EGP 36,500 ",,,,
Laptop,Lenovo,21E300BFGR,ThinkPad E14 Gen 4,PF48KGTL,,,,,In Use,8/3/2023," EGP 36,500 ",,,,
Laptop,Lenovo,21E300BFGR,ThinkPad E14 Gen 4,PF48KGSC,,,,,Sold,8/3/2023," EGP 36,500 ",,,,
Laptop,Lenovo,21E300BFGR,ThinkPad E14 Gen 4,PF48WRX4,,,,,Sold,8/3/2023," EGP 36,500 ",,,,
Laptop,Lenovo,21E300BFGR,ThinkPad E14 Gen 4,PF48VJYN,,,,,Sold,8/3/2023," EGP 36,500 ",,,,
Laptop,Lenovo,21E300BFGR,ThinkPad E14 Gen 4,PF48PJZF,,,,,Sold,8/3/2023," EGP 36,500 ",,,,
Laptop,Lenovo,21E300BFGR,ThinkPad E14 Gen 4,PF48VNKG,,,,,Sold,8/3/2023," EGP 36,500 ",,,,
Laptop,Lenovo,21E300BFGR,ThinkPad E14 Gen 4,PF48PGQK,,,,,In Use,8/3/2023," EGP 36,500 ",,,,
Laptop,Lenovo,21E300BFGR,ThinkPad E14 Gen 4,PF48VJW7,,,,,Sold,8/3/2023," EGP 36,500 ",,,,
Laptop,Lenovo,21E300BFGR,ThinkPad E14 Gen 4,PF48VNND,,,,,Sold,8/3/2023," EGP 36,500 ",,,,
Laptop,Lenovo,21E300BFGR,ThinkPad E14 Gen 4,PF48VKLR,,,,,Sold,8/3/2023," EGP 36,500 ",,,,
Laptop,Lenovo,21E300BFGR,ThinkPad E14 Gen 4,PF48PXDE,,,,,Sold,8/3/2023," EGP 36,500 ",,,,
Laptop,Lenovo,21E300BFGR,ThinkPad E14 Gen 4,PF48PZMY,,,,,In Use,8/3/2023," EGP 36,500 ",,,,
Laptop,Lenovo,21E300BFGR,ThinkPad E14 Gen 4,PF48WRTW,,,,,Available,8/3/2023," EGP 36,500 ",,,,
Laptop,Lenovo,21E300BFGR,ThinkPad E14 Gen 4,PF48WRWW,,,,,In Use,8/3/2023," EGP 36,500 ",,,,
Laptop,Lenovo,21E300BFGR,ThinkPad E14 Gen 4,PF48VJZJ,,,,,Sold,8/3/2023," EGP 36,500 ",,,,
Laptop,Lenovo,21E300BFGR,ThinkPad E14 Gen 4,PF48VKLF,,,,,In Use,8/3/2023," EGP 36,500 ",,,,
Laptop,Lenovo,21E300BFGR,ThinkPad E14 Gen 4,PF48VJX1,,,,,Sold,8/3/2023," EGP 36,500 ",,,,
Laptop,Lenovo,21E300BFGR,ThinkPad E14 Gen 4,PF48VJWY,,,,,In Use,8/3/2023," EGP 36,500 ",,,,
Laptop,Lenovo,21E300BFGR,ThinkPad E14 Gen 4,PF48PXDM,,,,,Sold,8/3/2023," EGP 36,500 ",,,,
Laptop,Lenovo,21E300BFGR,ThinkPad E14 Gen 4,PF48PPJ8,,,,,Sold,8/3/2023," EGP 36,500 ",,,,
Laptop,Lenovo,21E300BFGR,ThinkPad E14 Gen 4,PF48KK1Q,,,,,Sold,8/3/2023," EGP 36,500 ",,,,
Laptop,Lenovo,21E300BFGR,ThinkPad E14 Gen 4,PF48PRSY,,,,,Sold,8/3/2023," EGP 36,500 ",,,,
Laptop,Lenovo,21E300BFGR,ThinkPad E14 Gen 4,PF48KEHS,,,,,In Use,8/3/2023," EGP 36,500 ",,,,
Laptop,Lenovo,21E300BFGR,ThinkPad E14 Gen 4,PF48VNMA,,,,,Sold,8/3/2023," EGP 36,500 ",,,,
Laptop,Lenovo,21E300BFGR,ThinkPad E14 Gen 4,PF48VMEC,,,,,Sold,8/3/2023," EGP 36,500 ",,,,
Laptop,Lenovo,21E300BFGR,ThinkPad E14 Gen 4,PF48KEK3,,,,,Sold,8/3/2023," EGP 36,500 ",,,,
Laptop,Lenovo,21E300BFGR,ThinkPad E14 Gen 4,PF48PXE3,,,,,Available,8/3/2023," EGP 36,500 ",,,,
Laptop,Lenovo,21E300BFGR,ThinkPad E14 Gen 4,PF48KGT4,,,,,Stolen,8/3/2023," EGP 36,500 ",,,,
Laptop,Lenovo,21E300BFGR,ThinkPad E14 Gen 4,PF48VMFX,,,,,Sold,8/3/2023," EGP 36,500 ",,,,
Laptop,Lenovo,21E600AJGP,ThinkPad E15 Gen 4,PF44XN96,,,,,Sold,8/3/2023," EGP 36,000 ",,,,
Laptop,Lenovo,21E600AJGR,ThinkPad E15 Gen 4,PF496MZE,,,,,In Use,8/3/2023," EGP 36,000 ",,,,
Laptop,Lenovo,21E600AJGP,ThinkPad E15 Gen 4,PF3WX85T,,,,,Sold,8/3/2023," EGP 36,000 ",,,,
Laptop,Lenovo,21E6009CGR,ThinkPad E15 Gen 4,PF3WSZG2,,,,,Sold,8/3/2023," EGP 36,000 ",,,,
Storage,SanDisk,SDSSDE30-480G,Portable SSD,2226J7400355,,,,,Available,8/10/2023," EGP 2,400 ",,,,
Switch,Linksys,LLGS116,Business Desktop Gigabit Switch,13M20F15B00022,,,,,In Use,," EGP 2,508 ",,,,
Router,TP-Link,R480T+,LB Broadband Router,22170L9000241,,,,,In Use,," EGP 1,767 ",,,,
Access Point,TP-Link,AC1350EAP225,Omada EAP225,2220D4000465,,,,,In Use,," EGP 3,192 ",,,,
Access Point,TP-Link,AC1350EAP225,Omada EAP225,2220D4000468,,,,,In Use,," EGP 3,192 ",,,,
Access Point,TP-Link,AC1350EAP225,Omada EAP225,2220D4000600,,,,,In Use,," EGP 3,192 ",,,,
Access Point,TP-Link,AC1350EAP225,Omada EAP225,2220D4002189,,,,,In Use,," EGP 3,192 ",,,,
Router,TP-Link,ER605,Omada Gigabit VPN Router,221B5D0002420,,,,,In Use,," EGP 3,306 ",,,,
Switch,D-link,DGS-1008MP,Desktop Gigabit Max POE switch,QS7S317001762,,,,,In Use,," EGP 5,500 ",,,,
Presenter,2B,MO887,2.4GHz Wireless Laser Presenter,N88721040544,,,,,Lost,9/7/2023," EGP 1,026 ",,,,
Presenter,2B,MO887,2.4GHz Wireless Laser Presenter,N88722092763,,,,,Available,9/7/2023," EGP 1,026 ",,,,
Presenter,2B,MO887,2.4GHz Wireless Laser Presenter,N88722092766,,,,,Available,9/7/2023," EGP 1,026 ",,,,
Presenter,2B,MO887,2.4GHz Wireless Laser Presenter,N88722092767,,,,,Available,9/7/2023," EGP 1,026 ",,,,
Presenter,2B,MO887,2.4GHz Wireless Laser Presenter,N88722092770,,,,,Available,9/7/2023," EGP 1,026 ",,,,
Smartphone,Samsung,SM-A145F/DS,Galaxy A14,3.54324E+14,,,,,In Use,9/6/2023," EGP 5,400 ",,,,
Laptop,Apple,A2338,MacBook Pro 13-inch,FVFFGCGNQ05G,,,,,In Use,8/7/2023," EGP 31,000 ",,,,
Mouse,Logitech,910-005906,M190,2245LZ922DT9,,,,,In Use,9/20/2023, EGP 515 ,,,,
Mouse,Logitech,910-005906,M190,2245LZ922WQ9,,,,,Available,9/20/2023, EGP 515 ,,,,
Mouse,Logitech,910-005906,M190,2245LZ922ER9,,,,,Available,9/20/2023, EGP 515 ,,,,
Mouse,Logitech,910-005906,M190,2245LZ922DS9,,,,,Available,9/20/2023, EGP 515 ,,,,
Mouse,Logitech,910-005906,M190,2245LZ922GN9,,,,,In Use,9/20/2023, EGP 515 ,,,,
Mobile Wifi,ZTE,MF927U,Mobile WiFi,3.20536E+11,,,,,Available,10/4/2023, EGP 799 ,,,,
Mobile Wifi,ZTE,MF927U,Mobile WiFi,3.20536E+11,,,,,In Use,10/4/2023, EGP 799 ,,,,
Mobile Wifi,ZTE,MF927U,Mobile WiFi,3.20436E+11,,,,,Available,10/4/2023, EGP 799 ,,,,
Mobile Wifi,ZTE,MF927U,Mobile WiFi,3.20536E+11,,,,,In Use,10/4/2023, EGP 799 ,,,,
Mobile Wifi,ZTE,MF927U,Mobile WiFi,3.20536E+11,,,,,In Use,10/4/2023, EGP 799 ,,,,
Laptop,Apple,A2681,MacBook Air 13.6,H093CP4GVF,,,,,Sold,9/13/2023," EGP 77,500 ",,,,
Laptop,Apple,A2681,MacBook Air 13.6,PQ30YH0033,,,,,Sold,9/13/2023," EGP 77,500 ",,,,
CCTV,TP-Link,C320WS,Tapo C320WS,2.23733E+12,,,,,In Use,," EGP 2,532 ",,,,
CCTV,TP-Link,C320WS,Tapo C320WS,2.23733E+12,,,,,In Use,," EGP 2,532 ",,,,
CCTV,TP-Link,C320WS,Tapo C320WS,2.23733E+12,,,,,In Use,," EGP 2,532 ",,,,
CCTV,TP-Link,C320WS,Tapo C320WS,2.23733E+12,,,,,In Use,," EGP 2,532 ",,,,
Laptop,Dell,9300,XPS 13,HP9PL63,,,,,Sold,10/24/2022," EGP 30,000 ",,,,
Mobile Wifi,ZTE,MF927U,Mobile WiFi,3.20E+11,,,,,In Use,, EGP 799 ,,,,
Laptop,Lenovo,21E6009UGR,ThinkPad E15 Gen 4,PF3X0VCE,,,,,Sold,4/30/2023, EGP - ,,,,
Laptop,Dell,3510,Vostro 15 3510,BFSJXQ3,,,,,Sold,, EGP - ,,,,
Laptop,Dell,,Latitude 3340,GG1D12,,,,,Damaged,, EGP - ,,,,
Smartphone,Xiaomi,21121119SC,Redmi 10 2022,8.66127E+14,,,,,In Use,," EGP 5,500 ",,,,
Mobile Wifi,ZTE,MF927U,Mobile WiFi,3.20437E+11,,,,,In Use,1/1/2024, EGP 799 ,,,,
Mobile Wifi,ZTE,MF927U,Mobile WiFi,3.20437E+11,,,,,In Use,1/1/2024, EGP 799 ,,,,
Mobile Wifi,ZTE,MF927U,Mobile WiFi,3.20437E+11,,,,,In Use,1/1/2024, EGP 799 ,,,,
Mobile Wifi,ZTE,MF927U,Mobile WiFi,3.20437E+11,,,,,In Use,1/1/2024, EGP 799 ,,,,
Mobile Wifi,ZTE,MF927U,Mobile WiFi,3.20437E+11,,,,,In Use,1/1/2024, EGP 799 ,,,,
Mobile Wifi,ZTE,MF927U,Mobile WiFi,3.20437E+11,,,,,In Use,1/1/2024, EGP 799 ,,,,
Mobile Wifi,ZTE,MF927U,Mobile WiFi,3.20437E+11,,,,,Available,1/1/2024, EGP 799 ,,,,
Mobile Wifi,ZTE,MF927U,Mobile WiFi,3.20437E+11,,,,,In Use,1/1/2024, EGP 799 ,,,,
Mobile Wifi,ZTE,MF927U,Mobile WiFi,3.20437E+11,,,,,In Use,1/1/2024, EGP 799 ,,,,
Mobile Wifi,ZTE,MF927U,Mobile WiFi,3.20437E+11,,,,,Available,1/1/2024, EGP 799 ,,,,
Mobile Wifi,ZTE,MF927U,Mobile WiFi,3.20437E+11,,,,,Available,1/1/2024, EGP 799 ,,,,
Mobile Wifi,ZTE,MF927U,Mobile WiFi,3.20437E+11,,,,,Available,1/1/2024, EGP 799 ,,,,
Mobile Wifi,ZTE,MF927U,Mobile WiFi,3.20437E+11,,,,,In Use,1/1/2024, EGP 799 ,,,,
Mobile Wifi,ZTE,MF927U,Mobile WiFi,3.20437E+11,,,,,Available,1/1/2024, EGP 799 ,,,,
Mobile Wifi,ZTE,MF927U,Mobile WiFi,3.20437E+11,,,,,In Use,1/1/2024, EGP 799 ,,,,
Laptop,Apple,A2681,MacBook Air 13.6,DC7WVWTCJ3,,,,,Sold,9/13/2023," EGP 77,500 ",,,,
Laptop,Lenovo,21E300BYGR,ThinkPad E14 Gen 4,PF3WSGDL,,,,,Pending handover,8/3/2023," EGP 26,500 ",,,,
Laptop,HP,9JT16US#ABA,Zbook 15u G6,5CG022459L,,,,,Sold,2/27/2024," EGP 24,069 ",,,,
Laptop,HP,9JT16US#ABA,Zbook 15u G6,5CG016FYF3,,,,,Sold,2/27/2024," EGP 24,069 ",,,,
Laptop,HP,4CR20UC,Elitebook 840 G5,5CG8232M8Q,,,,,In Use,2/27/2024," EGP 16,385 ",,,,
Laptop,HP,4CR20UC,Elitebook 840 G5,5CG8292DBT,,,,,In Use,2/27/2024," EGP 16,385 ",,,,
Laptop,HP,4CR20UC,EliteBook 840 G5,5CG8232T3D,,,,,In Use,2/27/2024," EGP 16,385 ",,,,
Laptop,HP,4CR20UC,Elitebook 840 G5,5CG8323HR0,,,,,In Use,2/27/2024," EGP 16,385 ",,,,
Laptop,HP,4CR20UC,Elitebook 840 G5,5CG8232PNG,,,,,In Use,2/27/2024," EGP 16,385 ",,,,
Laptop,Apple,A2681,MacBook Air 13.6,JRH6XR7HM9,,,,,Sold,9/13/2023," EGP 77,500 ",,,,
Laptop,HP,1J861UC#ABA,Zbook 15u G6,5CG0235S7F,,,,,Sold,5/21/2024," EGP 21,809 ",,,,
Laptop,HP,1J861UC#ABA,Zbook 15u G6,5CG0279WC,,,,,In Use,5/21/2024," EGP 21,809 ",,,,
Laptop,Dell,, G15 5520,FNPM8R3,,,,,Sold,10/24/2022," EGP 29,800 ",,,,
Laptop,HP,6XF92AV,ZBook 15 G5 QEB19B,2TK94304WD,,,,,In Use,7/31/2024," EGP 19,210 ",,,,
Laptop,HP,5SF10AV,ZBook 15 G5,2TK93303MT,,,,,In Use,7/31/2024," EGP 19,210 ",,,,
Laptop,HP,8HR70UC#ABA,ZBook 15u G6,5CG0149FR1,,,,,In Use,7/31/2024," EGP 19,210 ",,,,
Laptop,HP,9JT19US#ABA,ZBook 14u G6,5CG0265ZSL,,,,,Sold,8/24/2024," EGP 14,520 ",,,,
Laptop,HP,9JT19US#ABA,ZBook 14u G6,5CG0270XGX,,,,,Sold,8/24/2024," EGP 14,520 ",,,,
Laptop,HP,9JT19US#ABA,ZBook 14u G6,5CG0270XFW,,,,,Sold,8/24/2024," EGP 14,520 ",,,,
Laptop,HP,9JT16US#ABA,Zbook 15u G6,5CG0348ZG6,,,,,Sold,8/24/2024," EGP 17,910 ",,,,
Laptop,HP,9JT16US#ABA,Zbook 15u G6,5CG0348Z6Z,,,,,Sold,8/24/2024," EGP 17,910 ",,,,
Laptop,HP,5RK31US#ABA,Zbook 15u G6,5CG9012GRH,,,,,Sold,9/2/2024," EGP 17,910 ",,,,
Smartphone,Xiaomi,,Redmi 10C 4G,8.61191E+14,,,,,Available,,,,,,
